{
    "appName": "graphqlrealtimerace",
    "roleName": "pinpointLambdaRolec2c16680",
    "cloudformationPolicyName": "cloudformationPolicyc2c16680",
    "cloudWatchPolicyName": "cloudWatchPolicyc2c16680",
    "pinpointPolicyName": "pinpointPolicyc2c16680",
    "authPolicyName": "pinpoint_amplify_c2c16680",
    "unauthPolicyName": "pinpoint_amplify_c2c16680",
    "authRoleName": {
        "Ref": "AuthRoleName"
    },
    "unauthRoleName": {
        "Ref": "UnauthRoleName"
    },
    "authRoleArn": {
        "Fn::GetAtt": [
            "AuthRole",
            "Arn"
        ]
    }
}