{
    "identityPoolName": "testAuthIdentityPool",
    "allowUnauthenticatedIdentities": true,
    "resourceNameTruncated": "graphqaf35f13c",
    "userPoolName": "graphqlrealtimerace",
    "autoVerifiedAttributes": [
        "email"
    ],
    "mfaConfiguration": "OFF",
    "mfaTypes": [
        "SMS Text Message"
    ],
    "smsAuthenticationMessage": "Your authentication code is {####}",
    "smsVerificationMessage": "Your verification code is {####}",
    "emailVerificationSubject": "Forgot password code: {####}",
    "emailVerificationMessage": "Forgot password code: {####}",
    "defaultPasswordPolicy": false,
    "passwordPolicyMinLength": 8,
    "passwordPolicyCharacters": [
        "Requires Lowercase",
        "Requires Numbers",
        "Requires Symbols",
        "Requires Uppercase"
    ],
    "requiredAttributes": [
        "preferred_username",
        "email"
    ],
    "userpoolClientGenerateSecret": false,
    "userpoolClientRefreshTokenValidity": 30,
    "userpoolClientWriteAttributes": [],
    "userpoolClientReadAttributes": [],
    "userpoolClientLambdaRole": "graphqaf35f13c_userpoolclient_lambda_role",
    "userpoolClientSetAttributes": false,
    "sharedId": "af35f13c",
    "resourceName": "graphqlrealtimerace",
    "authSelections": "identityPoolAndUserPool",
    "authRoleArn": {
        "Fn::GetAtt": [
            "AuthRole",
            "Arn"
        ]
    },
    "unauthRoleArn": {
        "Fn::GetAtt": [
            "UnauthRole",
            "Arn"
        ]
    },
    "serviceName": "Cognito",
    "useDefault": "manual",
    "userPoolGroups": false,
    "userPoolGroupList": [],
    "adminQueries": false,
    "thirdPartyAuth": false,
    "authProviders": [],
    "usernameCaseSensitive": false,
    "dependsOn": []
}