{
  "AWSTemplateFormatVersion": "2010-09-09",
  "Description": "Lambda Function resource stack creation using Amplify CLI",
  "Parameters": {
    "CloudWatchRule": {
      "Type": "String",
      "Default": "NONE",
      "Description": " Schedule Expression"
    },
    "deploymentBucketName": {
      "Type": "String"
    },
    "env": {
      "Type": "String"
    },
    "s3Key": {
      "Type": "String"
    },
    "apigraphqlrealtimeraceGraphQLAPIIdOutput": {
      "Type": "String",
      "Default": "apigraphqlrealtimeraceGraphQLAPIIdOutput"
    },
    "apigraphqlrealtimeraceGraphQLAPIEndpointOutput": {
      "Type": "String",
      "Default": "apigraphqlrealtimeraceGraphQLAPIEndpointOutput"
    },
    "analyticsgraphqlrealtimeraceId": {
      "Type": "String",
      "Default": "analyticsgraphqlrealtimeraceId"
    },
    "analyticsgraphqlrealtimeraceRegion": {
      "Type": "String",
      "Default": "analyticsgraphqlrealtimeraceRegion"
    }
  },
  "Conditions": {
    "ShouldNotCreateEnvResources": {
      "Fn::Equals": [
        {
          "Ref": "env"
        },
        "NONE"
      ]
    }
  },
  "Resources": {
    "LambdaFunction": {
      "Type": "AWS::Lambda::Function",
      "Metadata": {
        "aws:asset:path": "./src",
        "aws:asset:property": "Code"
      },
      "Properties": {
        "Code": {
          "S3Bucket": {
            "Ref": "deploymentBucketName"
          },
          "S3Key": {
            "Ref": "s3Key"
          }
        },
        "Handler": "index.handler",
        "FunctionName": {
          "Fn::If": [
            "ShouldNotCreateEnvResources",
            "pinpointInterface",
            {
              "Fn::Join": [
                "",
                [
                  "pinpointInterface",
                  "-",
                  {
                    "Ref": "env"
                  }
                ]
              ]
            }
          ]
        },
        "Environment": {
          "Variables": {
            "ENV": {
              "Ref": "env"
            },
            "REGION": {
              "Ref": "AWS::Region"
            },
            "ANALYTICS_GRAPHQLREALTIMERACE_ID": {
              "Ref": "analyticsgraphqlrealtimeraceId"
            },
            "ANALYTICS_GRAPHQLREALTIMERACE_REGION": {
              "Ref": "analyticsgraphqlrealtimeraceRegion"
            }
          }
        },
        "Role": {
          "Fn::GetAtt": [
            "LambdaExecutionRole",
            "Arn"
          ]
        },
        "Runtime": "nodejs14.x",
        "Layers": [],
        "Timeout": "25"
      }
    },
    "LambdaExecutionRole": {
      "Type": "AWS::IAM::Role",
      "Properties": {
        "RoleName": {
          "Fn::If": [
            "ShouldNotCreateEnvResources",
            "graphqlrealtimeraceLambdaRolefa547394",
            {
              "Fn::Join": [
                "",
                [
                  "graphqlrealtimeraceLambdaRolefa547394",
                  "-",
                  {
                    "Ref": "env"
                  }
                ]
              ]
            }
          ]
        },
        "AssumeRolePolicyDocument": {
          "Version": "2012-10-17",
          "Statement": [
            {
              "Effect": "Allow",
              "Principal": {
                "Service": [
                  "lambda.amazonaws.com"
                ]
              },
              "Action": [
                "sts:AssumeRole"
              ]
            }
          ]
        }
      }
    },
    "lambdaexecutionpolicy": {
      "DependsOn": [
        "LambdaExecutionRole"
      ],
      "Type": "AWS::IAM::Policy",
      "Properties": {
        "PolicyName": "lambda-execution-policy",
        "Roles": [
          {
            "Ref": "LambdaExecutionRole"
          }
        ],
        "PolicyDocument": {
          "Version": "2012-10-17",
          "Statement": [
            {
              "Effect": "Allow",
              "Action": [
                "logs:CreateLogGroup",
                "logs:CreateLogStream",
                "logs:PutLogEvents"
              ],
              "Resource": {
                "Fn::Sub": [
                  "arn:aws:logs:${region}:${account}:log-group:/aws/lambda/${lambda}:log-stream:*",
                  {
                    "region": {
                      "Ref": "AWS::Region"
                    },
                    "account": {
                      "Ref": "AWS::AccountId"
                    },
                    "lambda": {
                      "Ref": "LambdaFunction"
                    }
                  }
                ]
              }
            }
          ]
        }
      }
    },
    "AmplifyResourcesPolicy": {
      "DependsOn": [
        "LambdaExecutionRole"
      ],
      "Type": "AWS::IAM::Policy",
      "Properties": {
        "PolicyName": "amplify-lambda-execution-policy",
        "Roles": [
          {
            "Ref": "LambdaExecutionRole"
          }
        ],
        "PolicyDocument": {
          "Version": "2012-10-17",
          "Statement": [
            {
              "Effect": "Allow",
              "Action": [
                "ses:SendEmail"
              ],
              "Resource": "*"
            },
            {
              "Effect": "Allow",
              "Action": [
                "mobiletargeting:Put*",
                "mobiletargeting:Create*",
                "mobiletargeting:Send*",
                "mobiletargeting:Get*",
                "mobiletargeting:List*",
                "mobiletargeting:Update*",
                "mobiletargeting:Delete*"
              ],
              "Resource": [
                {
                  "Fn::Join": [
                    "",
                    [
                      "arn:aws:mobiletargeting:",
                      {
                        "Ref": "analyticsgraphqlrealtimeraceRegion"
                      },
                      ":",
                      {
                        "Ref": "AWS::AccountId"
                      },
                      ":apps/",
                      {
                        "Ref": "analyticsgraphqlrealtimeraceId"
                      }
                    ]
                  ]
                },
                {
                  "Fn::Join": [
                    "",
                    [
                      "arn:aws:mobiletargeting:",
                      {
                        "Ref": "analyticsgraphqlrealtimeraceRegion"
                      },
                      ":",
                      {
                        "Ref": "AWS::AccountId"
                      },
                      ":apps/",
                      {
                        "Ref": "analyticsgraphqlrealtimeraceId"
                      },
                      "/*"
                    ]
                  ]
                }
              ]
            }
          ]
        }
      }
    },
    "LambdaTriggerPolicyMessage": {
      "DependsOn": [
        "LambdaExecutionRole"
      ],
      "Type": "AWS::IAM::Policy",
      "Properties": {
        "PolicyName": "amplify-lambda-execution-policy-Message",
        "Roles": [
          {
            "Ref": "LambdaExecutionRole"
          }
        ],
        "PolicyDocument": {
          "Version": "2012-10-17",
          "Statement": [
            {
              "Effect": "Allow",
              "Action": [
                "dynamodb:DescribeStream",
                "dynamodb:GetRecords",
                "dynamodb:GetShardIterator",
                "dynamodb:ListStreams"
              ],
              "Resource": {
                "Fn::ImportValue": {
                  "Fn::Sub": "${apigraphqlrealtimeraceGraphQLAPIIdOutput}:GetAtt:MessageTable:StreamArn"
                }
              }
            }
          ]
        }
      }
    },
    "LambdaEventSourceMappingMessage": {
      "Type": "AWS::Lambda::EventSourceMapping",
      "DependsOn": [
        "LambdaTriggerPolicyMessage",
        "LambdaExecutionRole"
      ],
      "Properties": {
        "BatchSize": 100,
        "Enabled": true,
        "EventSourceArn": {
          "Fn::ImportValue": {
            "Fn::Sub": "${apigraphqlrealtimeraceGraphQLAPIIdOutput}:GetAtt:MessageTable:StreamArn"
          }
        },
        "FunctionName": {
          "Fn::GetAtt": [
            "LambdaFunction",
            "Arn"
          ]
        },
        "StartingPosition": "LATEST"
      }
    }
  },
  "Outputs": {
    "Name": {
      "Value": {
        "Ref": "LambdaFunction"
      }
    },
    "Arn": {
      "Value": {
        "Fn::GetAtt": [
          "LambdaFunction",
          "Arn"
        ]
      }
    },
    "Region": {
      "Value": {
        "Ref": "AWS::Region"
      }
    },
    "LambdaExecutionRole": {
      "Value": {
        "Ref": "LambdaExecutionRole"
      }
    }
  }
}