{
    "AWSTemplateFormatVersion": "2010-09-09",
    "Description": "DynamoDB resource stack creation using Amplify CLI",
    "Parameters": {
        "partitionKeyName": {
            "Type": "String"
        },
        "partitionKeyType": {
            "Type": "String"
        },
        "env": {
            "Type": "String"
        },
        
        "sortKeyName": {
            "Type": "String"
        },
        "sortKeyType": {
            "Type": "String"
        },
        
        "tableName": {
            "Type": "String"
        }
    },
    "Conditions": {
        "ShouldNotCreateEnvResources": {
            "Fn::Equals": [
                {
                    "Ref": "env"
                },
                "NONE"
            ]
        }
    },
    "Resources": {
        "DynamoDBTable": {
            "Type": "AWS::DynamoDB::Table",
            "Properties": {
                "AttributeDefinitions": [
                  
                  {
                      "AttributeName": "PK",
                      "AttributeType": "S"
                  }  , 
                  
                  {
                      "AttributeName": "SK",
                      "AttributeType": "S"
                  }  , 
                  
                  {
                      "AttributeName": "driverId",
                      "AttributeType": "S"
                  }  , 
                  
                  {
                      "AttributeName": "round",
                      "AttributeType": "N"
                  } 
                  
                ],
                "KeySchema": [
                  
                  {
                    "AttributeName": "PK",
                    "KeyType": "HASH"
                  }  , 
                  
                  {
                    "AttributeName": "SK",
                    "KeyType": "RANGE"
                  } 
                  
                ],
                "ProvisionedThroughput": {
                    "ReadCapacityUnits": "5",
                    "WriteCapacityUnits": "5"
                },
                "StreamSpecification": {
                    "StreamViewType": "NEW_IMAGE"
                },
                "TableName": {
                    "Fn::If": [
                        "ShouldNotCreateEnvResources",
                        {
                           "Ref": "tableName"
                        }, 
                        {

                            "Fn::Join": [
                                "",
                                [
                                  {
                                    "Ref": "tableName"
                                  },
                                  "-",
                                  {
                                    "Ref": "env"
                                  }
                                ]
                            ]
                        }
                    ]
                }
                
                ,"GlobalSecondaryIndexes": [
                  
                    {
                        "IndexName": "ByDriverId",
                        "KeySchema": [
                            
                            {
                                "AttributeName": "driverId",
                                "KeyType": "HASH"
                            }  , 
                            
                            {
                                "AttributeName": "round",
                                "KeyType": "RANGE"
                            } 
                            
                        ],
                        "Projection": {
                            "ProjectionType": "ALL"
                        },
                        "ProvisionedThroughput": {
                            "ReadCapacityUnits": "5",
                            "WriteCapacityUnits": "5"
                        }
                    } 
                  
                ]
                
            }
        }
    },
    "Outputs": {
        "Name": {
            "Value": {
                "Ref": "DynamoDBTable"
            }
        },
        "Arn": {
            "Value": {
                "Fn::GetAtt": [
                    "DynamoDBTable",
                    "Arn"
                ]
            }
        },
        "StreamArn": {
            "Value": {
                "Fn::GetAtt": [
                    "DynamoDBTable",
                    "StreamArn"
                ]
            }
        },
        "PartitionKeyName": {
            "Value": {
                "Ref": "partitionKeyName"
            }
        },
        "PartitionKeyType": {
            "Value": {
                "Ref": "partitionKeyType"
            }
        },
        
        "SortKeyName": {
            "Value": {
                "Ref": "sortKeyName"
            }
        },
        "SortKeyType": {
            "Value": {
                "Ref": "sortKeyType"
            }
        },
        
        "Region": {
            "Value": {
                "Ref": "AWS::Region"
            }
        }
    }
}