{
  "providers": {
    "awscloudformation": {
      "AuthRoleName": "amplify-graphqlrealtimerace-staging-211824-authRole",
      "UnauthRoleArn": "arn:aws:iam::617606605435:role/amplify-graphqlrealtimerace-staging-211824-unauthRole",
      "AuthRoleArn": "arn:aws:iam::617606605435:role/amplify-graphqlrealtimerace-staging-211824-authRole",
      "Region": "us-east-1",
      "DeploymentBucketName": "amplify-graphqlrealtimerace-staging-211824-deployment",
      "UnauthRoleName": "amplify-graphqlrealtimerace-staging-211824-unauthRole",
      "StackName": "amplify-graphqlrealtimerace-staging-211824",
      "StackId": "arn:aws:cloudformation:us-east-1:617606605435:stack/amplify-graphqlrealtimerace-staging-211824/36a2df10-d2d6-11eb-b37e-0eddd438f74f",
      "AmplifyAppId": "dbx0qg5gfpmj3",
      "AuthTriggerTemplateURL": ""
    }
  },
  "api": {
    "graphqlrealtimerace": {
      "service": "AppSync",
      "providerPlugin": "awscloudformation",
      "output": {
        "authConfig": {
          "defaultAuthentication": {
            "authenticationType": "AMAZON_COGNITO_USER_POOLS",
            "userPoolConfig": {
              "userPoolId": "authgraphqlrealtimerace"
            }
          },
          "additionalAuthenticationProviders": [
            {
              "authenticationType": "AWS_IAM"
            }
          ]
        },
        "GraphQLAPIIdOutput": "frfgomjinzgdvpeo6mtjntfpbq",
        "GraphQLAPIEndpointOutput": "https://rcbudpxz6narjdpulaz6t4ruwi.appsync-api.us-east-1.amazonaws.com/graphql"
      },
      "lastPushTimeStamp": "2022-01-03T08:49:21.465Z",
      "providerMetadata": {
        "s3TemplateURL": "https://s3.amazonaws.com/amplify-graphqlrealtimerace-staging-211824-deployment/amplify-cfn-templates/api/cloudformation-template.json",
        "logicalId": "apigraphqlrealtimerace"
      },
      "lastPushDirHash": "VewyaKbETOFZ4EsVTDuca0a/fP4="
    }
  },
  "auth": {
    "graphqlrealtimerace": {
      "service": "Cognito",
      "providerPlugin": "awscloudformation",
      "dependsOn": [],
      "customAuth": false,
      "output": {
        "UserPoolId": "us-east-1_tXWyvncOm",
        "AppClientIDWeb": "mkv46h1in37tro4jg9b77bft6",
        "AppClientID": "7k8h5bvr62211dvb9sdlbvqqs0",
        "IdentityPoolId": "us-east-1:36738a24-227c-4ddd-a22f-ad55c2c70ac1",
        "UserPoolArn": "arn:aws:cognito-idp:us-east-1:617606605435:userpool/us-east-1_tXWyvncOm",
        "IdentityPoolName": "testAuthIdentityPool__staging",
        "UserPoolName": "graphqlrealtimerace"
      },
      "lastPushTimeStamp": "2022-01-03T08:49:21.470Z",
      "providerMetadata": {
        "s3TemplateURL": "https://s3.amazonaws.com/amplify-graphqlrealtimerace-staging-211824-deployment/amplify-cfn-templates/auth/graphqlrealtimerace-cloudformation-template.yml",
        "logicalId": "authgraphqlrealtimerace"
      },
      "lastPushDirHash": "kjpS8r/8vj5l/EDJvO9Kc6xAANY="
    }
  },
  "hosting": {
    "amplifyhosting": {
      "service": "amplifyhosting",
      "providerPlugin": "awscloudformation",
      "type": "manual",
      "output": {},
      "lastPushTimeStamp": "2022-01-03T08:49:21.473Z",
      "providerMetadata": {
        "s3TemplateURL": "https://s3.amazonaws.com/amplify-graphqlrealtimerace-staging-211824-deployment/amplify-cfn-templates/hosting/amplifyhosting-template.json",
        "logicalId": "hostingamplifyhosting"
      }
    }
  },
  "storage": {
    "raceresults": {
      "service": "DynamoDB",
      "providerPlugin": "awscloudformation",
      "providerMetadata": {
        "s3TemplateURL": "https://s3.amazonaws.com/amplify-graphqlrealtimerace-staging-211824-deployment/amplify-cfn-templates/storage/raceresults-cloudformation-template.json",
        "logicalId": "storageraceresults"
      },
      "lastPushTimeStamp": "2022-01-03T08:49:21.475Z",
      "output": {
        "PartitionKeyName": "PK",
        "SortKeyName": "SK",
        "SortKeyType": "S",
        "Region": "us-east-1",
        "Arn": "arn:aws:dynamodb:us-east-1:617606605435:table/raceresults-staging",
        "StreamArn": "arn:aws:dynamodb:us-east-1:617606605435:table/raceresults-staging/stream/2021-12-28T16:50:30.396",
        "PartitionKeyType": "S",
        "Name": "raceresults-staging"
      },
      "lastPushDirHash": "vkeNgG5MAunpG4LkRrRh53CphS8="
    },
    "chatImages": {
      "service": "S3",
      "providerPlugin": "awscloudformation",
      "dependsOn": [
        {
          "category": "function",
          "resourceName": "S3Trigger1f348b63",
          "attributes": [
            "Name",
            "Arn",
            "LambdaExecutionRole"
          ]
        }
      ],
      "providerMetadata": {
        "s3TemplateURL": "https://s3.amazonaws.com/amplify-graphqlrealtimerace-staging-211824-deployment/amplify-cfn-templates/storage/s3-cloudformation-template.json",
        "logicalId": "storagechatImages"
      },
      "lastPushTimeStamp": "2022-01-03T08:49:21.478Z",
      "output": {
        "BucketName": "chat-images-rar211824-staging",
        "Region": "us-east-1"
      },
      "lastPushDirHash": "ED0bwOUPGmTh8kTv62nC5ycQ6zs="
    }
  },
  "function": {
    "raceResultsResolver": {
      "build": true,
      "providerPlugin": "awscloudformation",
      "service": "Lambda",
      "dependsOn": [
        {
          "category": "storage",
          "resourceName": "raceresults",
          "attributes": [
            "Name",
            "Arn"
          ]
        }
      ],
      "lastBuildTimeStamp": "2021-12-28T17:34:54.996Z",
      "lastPackageTimeStamp": "2021-12-28T17:34:55.035Z",
      "distZipFilename": "raceResultsResolver-78752f53634c6d6e4743-build.zip",
      "s3Bucket": {
        "deploymentBucketName": "amplify-graphqlrealtimerace-staging-211824-deployment",
        "s3Key": "amplify-builds/raceResultsResolver-78752f53634c6d6e4743-build.zip"
      },
      "providerMetadata": {
        "s3TemplateURL": "https://s3.amazonaws.com/amplify-graphqlrealtimerace-staging-211824-deployment/amplify-cfn-templates/function/raceResultsResolver-cloudformation-template.json",
        "logicalId": "functionraceResultsResolver"
      },
      "lastPushTimeStamp": "2022-01-03T08:49:21.481Z",
      "output": {
        "Region": "us-east-1",
        "Arn": "arn:aws:lambda:us-east-1:617606605435:function:raceResultsResolver-staging",
        "Name": "raceResultsResolver-staging",
        "LambdaExecutionRole": "graphqlrealtimeraceLambdaRole11f2b25b-staging"
      },
      "lastPushDirHash": "ju/LcVEUAWJoevOzx/vEHqNxC8g="
    },
    "updateLocation": {
      "build": true,
      "providerPlugin": "awscloudformation",
      "service": "Lambda",
      "dependsOn": [
        {
          "category": "api",
          "resourceName": "graphqlrealtimerace",
          "attributes": [
            "GraphQLAPIIdOutput",
            "GraphQLAPIEndpointOutput"
          ]
        }
      ],
      "lastBuildTimeStamp": "2022-01-01T16:59:50.707Z",
      "lastPackageTimeStamp": "2022-01-01T16:59:50.751Z",
      "distZipFilename": "updateLocation-7268703863637a356d4d-build.zip",
      "s3Bucket": {
        "deploymentBucketName": "amplify-graphqlrealtimerace-staging-211824-deployment",
        "s3Key": "amplify-builds/updateLocation-7268703863637a356d4d-build.zip"
      },
      "providerMetadata": {
        "s3TemplateURL": "https://s3.amazonaws.com/amplify-graphqlrealtimerace-staging-211824-deployment/amplify-cfn-templates/function/updateLocation-cloudformation-template.json",
        "logicalId": "functionupdateLocation"
      },
      "lastPushTimeStamp": "2022-01-03T08:49:21.485Z",
      "output": {
        "Region": "us-east-1",
        "Arn": "arn:aws:lambda:us-east-1:617606605435:function:updateLocation-staging",
        "Name": "updateLocation-staging",
        "LambdaExecutionRole": "graphqlrealtimeraceLambdaRole85c74667-staging"
      },
      "lastPushDirHash": "UAipi9GQP61lXaOom+QcpFf8gdI="
    },
    "S3Trigger1f348b63": {
      "service": "Lambda",
      "providerPlugin": "awscloudformation",
      "build": true,
      "dependsOn": [
        {
          "category": "function",
          "resourceName": "graphqlrealtimeracesharpLib",
          "attributes": [
            "Arn"
          ]
        },
        {
          "category": "api",
          "resourceName": "graphqlrealtimerace",
          "attributes": [
            "GraphQLAPIIdOutput",
            "GraphQLAPIEndpointOutput"
          ]
        }
      ],
      "lastPushTimeStamp": "2022-01-03T08:49:21.488Z",
      "lastBuildTimeStamp": "2022-01-02T09:50:47.510Z",
      "lastPackageTimeStamp": "2022-01-02T09:50:47.654Z",
      "distZipFilename": "S3Trigger1f348b63-4c57424f673172687730-build.zip",
      "s3Bucket": {
        "deploymentBucketName": "amplify-graphqlrealtimerace-staging-211824-deployment",
        "s3Key": "amplify-builds/S3Trigger1f348b63-4c57424f673172687730-build.zip"
      },
      "providerMetadata": {
        "s3TemplateURL": "https://s3.amazonaws.com/amplify-graphqlrealtimerace-staging-211824-deployment/amplify-cfn-templates/function/S3Trigger1f348b63-cloudformation-template.json",
        "logicalId": "functionS3Trigger1f348b63"
      },
      "output": {
        "Region": "us-east-1",
        "Arn": "arn:aws:lambda:us-east-1:617606605435:function:S3Trigger1f348b63-staging",
        "Name": "S3Trigger1f348b63-staging",
        "LambdaExecutionRole": "S3Trigger1f348b63LambdaRole1f348b63-staging"
      },
      "lastPushDirHash": "egof6hSM6e3B0mCZgW7WenSwwGM="
    },
    "graphqlrealtimeracesharpLib": {
      "providerPlugin": "awscloudformation",
      "service": "LambdaLayer",
      "build": true,
      "lastBuildTimeStamp": "2022-01-02T09:50:47.512Z",
      "lastPackageTimeStamp": "2022-01-02T09:50:49.522Z",
      "distZipFilename": "graphqlrealtimeracesharpLib-LambdaLayerVersion44423d98-build.zip",
      "latestPushedVersionHash": "dfbaec29a87ba0a4d329e6fbb892a49baa3b3d2e7322769f6f9653e90a90b96e",
      "s3Bucket": {
        "deploymentBucketName": "amplify-graphqlrealtimerace-staging-211824-deployment",
        "s3Key": "amplify-builds/graphqlrealtimeracesharpLib-LambdaLayerVersion44423d98-build.zip"
      },
      "providerMetadata": {
        "s3TemplateURL": "https://s3.amazonaws.com/amplify-graphqlrealtimerace-staging-211824-deployment/amplify-cfn-templates/function/graphqlrealtimeracesharpLib-awscloudformation-template.json",
        "logicalId": "functiongraphqlrealtimeracesharpLib"
      },
      "lastPushTimeStamp": "2022-01-03T08:49:21.492Z",
      "output": {
        "Arn": "arn:aws:lambda:us-east-1:617606605435:layer:graphqlrealtimeracesharpLib-staging:1"
      }
    },
    "pinpointInterface": {
      "build": true,
      "providerPlugin": "awscloudformation",
      "service": "Lambda",
      "dependsOn": [
        {
          "category": "api",
          "resourceName": "graphqlrealtimerace",
          "attributes": [
            "GraphQLAPIIdOutput",
            "GraphQLAPIEndpointOutput"
          ]
        },
        {
          "category": "analytics",
          "resourceName": "graphqlrealtimerace",
          "attributes": [
            "Id",
            "Region"
          ]
        }
      ],
      "lastBuildTimeStamp": "2022-01-03T08:22:46.437Z",
      "lastPackageTimeStamp": "2022-01-03T08:22:46.480Z",
      "distZipFilename": "pinpointInterface-36397077657668424b6a-build.zip",
      "s3Bucket": {
        "deploymentBucketName": "amplify-graphqlrealtimerace-staging-211824-deployment",
        "s3Key": "amplify-builds/pinpointInterface-36397077657668424b6a-build.zip"
      },
      "providerMetadata": {
        "s3TemplateURL": "https://s3.amazonaws.com/amplify-graphqlrealtimerace-staging-211824-deployment/amplify-cfn-templates/function/pinpointInterface-cloudformation-template.json",
        "logicalId": "functionpinpointInterface"
      },
      "lastPushTimeStamp": "2022-01-03T08:49:21.494Z",
      "output": {
        "Region": "us-east-1",
        "Arn": "arn:aws:lambda:us-east-1:617606605435:function:pinpointInterface-staging",
        "Name": "pinpointInterface-staging",
        "LambdaExecutionRole": "graphqlrealtimeraceLambdaRolefa547394-staging"
      },
      "lastPushDirHash": "rjt7IuoqxzFSOpTx6GiHv4dMTIk="
    },
    "processLiveEvents": {
      "build": true,
      "providerPlugin": "awscloudformation",
      "service": "Lambda",
      "dependsOn": [
        {
          "category": "analytics",
          "resourceName": "graphqlrealtimeraceKinesis",
          "attributes": [
            "kinesisStreamArn"
          ]
        },
        {
          "category": "api",
          "resourceName": "graphqlrealtimerace",
          "attributes": [
            "GraphQLAPIIdOutput",
            "GraphQLAPIEndpointOutput"
          ]
        }
      ],
      "lastBuildTimeStamp": "2022-01-03T08:46:49.717Z",
      "lastPackageTimeStamp": "2022-01-03T08:46:49.756Z",
      "distZipFilename": "processLiveEvents-5449706a30742f796c50-build.zip",
      "s3Bucket": {
        "deploymentBucketName": "amplify-graphqlrealtimerace-staging-211824-deployment",
        "s3Key": "amplify-builds/processLiveEvents-5449706a30742f796c50-build.zip"
      },
      "providerMetadata": {
        "s3TemplateURL": "https://s3.amazonaws.com/amplify-graphqlrealtimerace-staging-211824-deployment/amplify-cfn-templates/function/processLiveEvents-cloudformation-template.json",
        "logicalId": "functionprocessLiveEvents"
      },
      "lastPushTimeStamp": "2022-01-03T08:49:21.518Z",
      "output": {
        "Region": "us-east-1",
        "Arn": "arn:aws:lambda:us-east-1:617606605435:function:processLiveEvents-staging",
        "Name": "processLiveEvents-staging",
        "LambdaExecutionRole": "graphqlrealtimeraceLambdaRolece5771fc-staging"
      },
      "lastPushDirHash": "WIxR09kNlvfi9Kvtx2zfBehgp3c="
    }
  },
  "analytics": {
    "graphqlrealtimerace": {
      "service": "Pinpoint",
      "providerPlugin": "awscloudformation",
      "providerMetadata": {
        "s3TemplateURL": "https://s3.amazonaws.com/amplify-graphqlrealtimerace-staging-211824-deployment/amplify-cfn-templates/analytics/pinpoint-cloudformation-template.json",
        "logicalId": "analyticsgraphqlrealtimerace"
      },
      "lastPushTimeStamp": "2022-01-03T08:49:21.507Z",
      "output": {
        "appName": "graphqlrealtimerace-staging",
        "Region": "us-east-1",
        "Id": "bc7a801e103b40dca079c6890afb1cda"
      },
      "lastPushDirHash": "AsR6+TGWefBWerPa2nkP9lpcgp8="
    },
    "graphqlrealtimeraceKinesis": {
      "service": "Kinesis",
      "providerPlugin": "awscloudformation",
      "providerMetadata": {
        "s3TemplateURL": "https://s3.amazonaws.com/amplify-graphqlrealtimerace-staging-211824-deployment/amplify-cfn-templates/analytics/kinesis-cloudformation-template.json",
        "logicalId": "analyticsgraphqlrealtimeraceKinesis"
      },
      "lastPushTimeStamp": "2022-01-03T08:49:21.518Z",
      "output": {
        "kinesisStreamId": "graphqlrealtimeraceKinesis-staging",
        "kinesisStreamShardCount": "1",
        "kinesisStreamArn": "arn:aws:kinesis:us-east-1:617606605435:stream/graphqlrealtimeraceKinesis-staging"
      },
      "lastPushDirHash": "llbe/flTpgaXcVoqfw5AtJFahHo="
    }
  }
}