{
  "api": {
    "graphqlrealtimerace": {
      "service": "AppSync",
      "providerPlugin": "awscloudformation",
      "output": {
        "authConfig": {
          "defaultAuthentication": {
            "authenticationType": "AMAZON_COGNITO_USER_POOLS",
            "userPoolConfig": {
              "userPoolId": "authgraphqlrealtimerace"
            }
          },
          "additionalAuthenticationProviders": [
            {
              "authenticationType": "AWS_IAM"
            }
          ]
        }
      }
    }
  },
  "auth": {
    "graphqlrealtimerace": {
      "service": "Cognito",
      "providerPlugin": "awscloudformation",
      "dependsOn": [],
      "customAuth": false
    }
  },
  "hosting": {
    "amplifyhosting": {
      "service": "amplifyhosting",
      "providerPlugin": "awscloudformation",
      "type": "manual"
    }
  },
  "storage": {
    "raceresults": {
      "service": "DynamoDB",
      "providerPlugin": "awscloudformation"
    },
    "chatImages": {
      "service": "S3",
      "providerPlugin": "awscloudformation",
      "dependsOn": [
        {
          "category": "function",
          "resourceName": "S3Trigger1f348b63",
          "attributes": [
            "Name",
            "Arn",
            "LambdaExecutionRole"
          ]
        }
      ]
    }
  },
  "function": {
    "raceResultsResolver": {
      "build": true,
      "providerPlugin": "awscloudformation",
      "service": "Lambda",
      "dependsOn": [
        {
          "category": "storage",
          "resourceName": "raceresults",
          "attributes": [
            "Name",
            "Arn"
          ]
        }
      ]
    },
    "updateLocation": {
      "build": true,
      "providerPlugin": "awscloudformation",
      "service": "Lambda",
      "dependsOn": [
        {
          "category": "api",
          "resourceName": "graphqlrealtimerace",
          "attributes": [
            "GraphQLAPIIdOutput",
            "GraphQLAPIEndpointOutput"
          ]
        }
      ]
    },
    "S3Trigger1f348b63": {
      "service": "Lambda",
      "providerPlugin": "awscloudformation",
      "build": true,
      "dependsOn": [
        {
          "category": "function",
          "resourceName": "graphqlrealtimeracesharpLib",
          "attributes": [
            "Arn"
          ]
        },
        {
          "category": "api",
          "resourceName": "graphqlrealtimerace",
          "attributes": [
            "GraphQLAPIIdOutput",
            "GraphQLAPIEndpointOutput"
          ]
        }
      ]
    },
    "graphqlrealtimeracesharpLib": {
      "providerPlugin": "awscloudformation",
      "service": "LambdaLayer",
      "build": true
    },
    "pinpointInterface": {
      "build": true,
      "providerPlugin": "awscloudformation",
      "service": "Lambda",
      "dependsOn": [
        {
          "category": "api",
          "resourceName": "graphqlrealtimerace",
          "attributes": [
            "GraphQLAPIIdOutput",
            "GraphQLAPIEndpointOutput"
          ]
        },
        {
          "category": "analytics",
          "resourceName": "graphqlrealtimerace",
          "attributes": [
            "Id",
            "Region"
          ]
        }
      ]
    },
    "processLiveEvents": {
      "build": true,
      "providerPlugin": "awscloudformation",
      "service": "Lambda",
      "dependsOn": [
        {
          "category": "analytics",
          "resourceName": "graphqlrealtimeraceKinesis",
          "attributes": [
            "kinesisStreamArn"
          ]
        },
        {
          "category": "api",
          "resourceName": "graphqlrealtimerace",
          "attributes": [
            "GraphQLAPIIdOutput",
            "GraphQLAPIEndpointOutput"
          ]
        }
      ]
    }
  },
  "analytics": {
    "graphqlrealtimerace": {
      "service": "Pinpoint",
      "providerPlugin": "awscloudformation"
    },
    "graphqlrealtimeraceKinesis": {
      "service": "Kinesis",
      "providerPlugin": "awscloudformation"
    }
  }
}